commune,YearMonth,ndvi,PC1_Score
1,2018-08,0.2762077129034145,-0.2874754870973267
1,2018-09,0.266921568381028,-0.342320063667873
1,2018-10,0.2901031998580468,-0.3588097591194271
1,2018-11,0.29188155223695256,-0.36586056651825
1,2018-12,0.28904304332706615,-0.3496533977628815
1,2019-01,0.3807243389821299,-0.048569956303663
1,2019-02,0.5271536729041755,0.120119127415835
1,2019-03,0.5564349208170594,0.3398241744376124
1,2019-04,0.4962163222344118,0.2816908008912146
1,2019-05,0.45093810716589655,0.4914110591803294
1,2019-06,0.41785536438145376,0.5715451828276402
1,2019-07,0.380322064784403,0.5515982197304407
1,2019-09,0.365969805535849,0.2687879822689854
1,2019-10,0.39713585106698,0.1727998237579403
1,2019-11,0.40175289349491644,0.3736575561608274
1,2019-12,0.4523862943850927,0.0600819624834686
1,2020-01,0.40651834712688867,0.0978524030351017
1,2020-02,0.398613611503336,0.4412488512695013
1,2020-03,0.40149207055493463,0.2787637056103242
1,2020-04,0.4073447851233278,0.352395302734778
1,2020-05,0.370037913970483,0.3505040788452082
1,2020-06,0.34239101769652813,0.3047822574730361
1,2020-07,0.3148660985994097,-0.0931202135814357
1,2020-08,0.28667821715180586,-0.2857931172483843
1,2020-09,0.2626116810562029,-0.1295710123490878
1,2020-10,0.2422953237236526,-0.3660289105976044
1,2020-11,0.2367624319526634,-0.4516163320496026
1,2020-12,0.2436543222694577,0.2332450677611272
1,2021-01,0.29648849786840065,-0.1564654365880823
1,2021-02,0.401411310969204,0.4021001131264686
1,2021-03,0.43040656078537515,0.5006160726944068
1,2021-05,0.43901043704684517,0.5903926054622884
1,2021-06,0.4127623630053836,0.5090622856967987
1,2021-07,0.36777800566115526,0.4071696899369292
1,2021-08,0.3126041883680558,0.1975000778353993
1,2021-09,0.27632419471316727,0.1821310406325013
1,2021-10,0.2677429990539259,0.0859345696035605
1,2021-11,0.24971788414061813,0.0273714173605654
1,2021-12,0.2557065775415473,0.1550039051601132
1,2022-01,0.2952997636531798,0.2387710946170721
1,2022-02,0.4137110341926157,0.4268634680945568
2,2018-08,0.2762252417440762,-0.3331707297703338
2,2018-09,0.2618983387289016,-0.2143111452811266
2,2018-10,0.2776472947007877,-0.321017331865083
2,2018-11,0.2919526275348442,-0.1345033180481313
2,2018-12,0.28077079439609,-0.2781533139237703
2,2019-01,0.344759066549829,-0.18258755530288
2,2019-02,0.4815999697831811,0.1539216762876574
2,2019-03,0.5224870542280362,0.3884016974002748
2,2019-04,0.4841859322097056,0.4910427331379585
2,2019-05,0.45894830086121036,0.5366022350303022
2,2019-06,0.43704291031275455,0.3388846056746865
2,2019-07,0.40781066231902985,0.3971462329257221
2,2019-08,0.3684092005135702,0.0790350971404336
2,2019-09,0.35447264026000885,0.1468748402984647
2,2019-10,0.3938750972978987,0.0101679294381409
2,2019-11,0.391746940763246,-0.1022425964817465
2,2019-12,0.42264399104813366,-0.2698334564117003
2,2020-01,0.38088335826757,-0.3412269395044133
2,2020-02,0.36042424105667903,-0.3124886153720695
2,2020-03,0.39079005528964245,-0.1518116932780811
2,2020-04,0.38440035734540856,-0.3886385286075337
2,2020-05,0.3636414712663333,0.1719927852377593
2,2020-06,0.33321533407696696,-0.0862405366315017
2,2020-07,0.3088159012895898,-0.2709477426781303
2,2020-08,0.2848944396839095,-0.271375088767488
2,2020-09,0.26192126597474186,-0.494598341438482
2,2020-10,0.24250623198025115,-0.5685654117120229
2,2020-11,0.2358201614924122,-0.4437004879638928
2,2020-12,0.2352529420087462,-0.4531832516437576
2,2021-01,0.2550673758965778,-0.1547589953322513
2,2021-02,0.31610648723568824,0.0177466504199636
2,2021-03,0.37715946798064526,0.134921051438245
2,2021-04,0.4380818120376556,0.1807105290121703
2,2021-05,0.43970307145374793,0.5459092259909097
2,2021-06,0.43441965685444783,0.1906227162692892
2,2021-07,0.40106242694554783,-0.0931103743484988
2,2021-08,0.35037954641997027,-0.2903673296992426
2,2021-09,0.30043195945176865,-0.3378769548206043
2,2021-10,0.2780526687116571,-0.2278676305420008
2,2021-11,0.2597680480992398,-0.255354504314427
2,2021-12,0.2638848363215208,-0.1875640467798987
2,2022-01,0.3254814389144539,-0.1786435987646553
2,2022-02,0.41537947531832176,-0.1402163411962181
3,2018-08,0.35042378653238493,-0.1951438229379131
3,2018-09,0.3236639657620394,-0.2831839139588483
3,2018-10,0.3469241335895569,-0.399668926736528
3,2018-11,0.3741546548516892,-0.242606390567463
3,2018-12,0.34034851848586556,-0.2190127900462655
3,2019-01,0.40361118444062555,-0.2371622863188793
3,2019-02,0.5418639000565066,0.2061323536942349
3,2019-03,0.57665672580987,0.5050014008514708
3,2019-04,0.5461790050475996,0.5269057795510447
3,2019-05,0.5287330968049826,0.6467147284604678
3,2019-06,0.5239531338575794,0.686394032071445
3,2019-07,0.49936848776536413,0.5844378087083691
3,2019-08,0.4422343597421676,-0.9562850077847378
3,2019-09,0.41527391331529856,0.3137769788337492
3,2019-10,0.4725474453037214,0.1571149932600653
3,2019-11,0.47315401603150425,0.4795126501270099
3,2019-12,0.4842292346526734,0.037687263891751
3,2020-01,0.4322889665561267,-0.2300545345352672
3,2020-02,0.3994122471970102,-0.4435035909678552
3,2020-03,0.4535995420227896,-0.223408407458292
3,2020-04,0.45408398914057524,-0.3142418268744611
3,2020-05,0.42516694423165813,-0.2112324369079546
3,2020-06,0.3922015567463403,-0.3046177596062399
3,2020-07,0.37122940707689095,-0.4861892405463233
3,2020-08,0.33890470020848484,-0.4325077659117994
3,2020-09,0.3071580289480337,-0.4734196719661649
3,2020-10,0.2792964708859734,-0.3937870835192251
3,2020-11,0.2695321085096504,-0.3789337070622232
3,2020-12,0.2653270327646518,-0.1507675175504414
3,2021-01,0.2732256733448699,-0.044394969911754
3,2021-02,0.3374945464867204,0.3449234574815413
3,2021-03,0.4532767682986014,0.1373343922458589
3,2021-04,0.5401813318404762,0.1488225607634692
3,2021-05,0.5216490945631027,0.1162818780631742
3,2021-06,0.5183687828479508,-0.1552305364589712
3,2021-07,0.5069966415715179,-0.1292321815845918
3,2021-08,0.4726441492007476,-0.1079220135320083
3,2021-09,0.4060323953914651,-0.2040618353382618
3,2021-10,0.3694474935774978,-0.0524399212986672
3,2021-11,0.33990857807632135,-0.2129796858024166
3,2021-12,0.34001627353341196,-0.0947338784291641
3,2022-01,0.40998055313676435,0.1448243388151991
3,2022-02,0.5258669997736158,0.1437999322496586
4,2018-08,0.3634638222483073,-0.1300940834161849
4,2018-09,0.34752177224666436,-0.4248310376289406
4,2018-10,0.370816262886598,-0.3026144257142973
4,2018-11,0.38511077588093245,-0.4747979755193124
4,2018-12,0.34936585476269,-0.2228023040960787
4,2019-01,0.39250408024167915,-0.0737834080393609
4,2019-02,0.5056009097890207,0.2985054351040456
4,2019-03,0.5276735408588309,0.6505842475096822
4,2019-04,0.4925126092630778,0.5666270019956772
4,2019-05,0.4916949809347213,0.5233315454863017
4,2019-06,0.5245814917779867,0.4674341766134885
4,2019-07,0.5141180662350157,0.4119699706490781
4,2019-08,0.44950721833403545,0.2399394785081998
4,2019-09,0.4111595970988829,-0.0845612994126993
4,2019-10,0.43234643482612,-0.2495257115101286
4,2019-11,0.43901927706083277,0.0145144170324352
4,2019-12,0.4442405692052702,-0.2705142295436137
4,2020-01,0.380610408549544,-0.4246170590459958
4,2020-02,0.3564230204342276,-0.3697669846936894
4,2020-03,0.45438450283211573,-0.1743873509496995
4,2020-04,0.4604837871910047,-0.089695570721574
4,2020-05,0.4170383378012297,-0.1771959248419467
4,2020-06,0.39262739490272525,-0.0081460562847175
4,2020-07,0.37614955865572197,-0.0500396411613126
4,2020-08,0.35837643347833315,-0.2467459699413304
4,2020-09,0.3119836582829315,-0.2465619390359313
4,2020-10,0.27148288686530625,-0.4666699897332236
4,2020-11,0.2577866380399091,-0.4986222150696812
4,2020-12,0.25392851738729927,-0.4054914113627548
4,2021-01,0.2624998636874877,-0.2401584071816352
4,2021-02,0.3795256833589351,0.0453577516170623
4,2021-03,0.5008338270035732,0.2241637916790809
4,2021-04,0.540320706497083,0.4374877332638919
4,2021-05,0.48391097345299094,0.5129205415982343
4,2021-06,0.4574760423357983,0.3388362231413093
4,2021-07,0.4362386766666063,0.1461759795167813
4,2021-08,0.41644202488728593,-0.1150742665996304
4,2021-09,0.3564137892955317,-0.8262011151435698
4,2021-10,0.324291368897836,-0.0743855482748528
4,2021-11,0.3173254971124312,0.0264915226705999
4,2021-12,0.30418987422445265,0.2228109094741021
4,2022-01,0.3941220595055899,0.2862878082243118
4,2022-02,0.5120661873377819,0.3502152355605208
5,2018-07,0.38739743476292254,0.0315706067512858
5,2018-08,0.35274253580458315,-0.3057850611341418
5,2018-09,0.34414920742452215,-0.4633655096589765
5,2018-10,0.3738883454610522,-0.6808587016951065
5,2018-11,0.4204633925093644,-0.6684444568699803
5,2018-12,0.3970261533422367,-0.5747104558786691
5,2019-01,0.4850735219861628,-0.0827953498538621
5,2019-02,0.5774442040346879,0.4288357972380101
5,2019-03,0.5967053488637437,0.754663573097789
5,2019-04,0.5600084435071466,0.5771849417325171
5,2019-05,0.5586989192291845,0.5816025573755944
5,2019-06,0.5728424037471521,0.3503673927168476
5,2019-07,0.5441651800628013,0.3866832785713106
5,2019-09,0.4298065001126937,-0.0464976060739741
5,2019-10,0.4552229447559956,-0.3021934576273746
5,2019-11,0.47911245319777107,-0.1240675466087356
5,2019-12,0.4944690964034262,-0.3979483227849264
5,2020-01,0.45116448257316444,-0.3457038565900775
5,2020-02,0.4088653627755881,-0.2792439264634413
5,2020-03,0.4771768457166493,-0.1422794435496973
5,2020-04,0.4796351382817724,-0.0877819841508489
5,2020-05,0.4418475572632836,-0.400515845910515
5,2020-06,0.4091763908618239,-0.6284955693407268
5,2020-07,0.3877817660581258,-0.651068199162025
5,2020-08,0.3559028519554835,-0.6501612902335706
5,2020-09,0.3154502842570216,-0.8477793796470701
5,2020-10,0.2831763598686853,-0.5862525796166247
5,2020-11,0.2702727956091159,-0.6070750004298608
5,2020-12,0.2638142584437474,-0.3702822800935832
5,2021-01,0.27851019369661767,-0.0543681168645781
5,2021-02,0.36431830884132743,-0.3628929914946899
5,2021-03,0.5007479482852928,0.4738747063724438
5,2021-04,0.5590933943947307,0.4453858711762137
5,2021-05,0.5054667207925289,0.6317308897731067
5,2021-06,0.4769784254738265,0.6358792180387857
5,2021-07,0.4593846316133133,0.4991233099066954
5,2021-08,0.42833223562805833,0.3581861801033815
5,2021-09,0.37438464795307647,0.2985622452614972
5,2021-10,0.3372446447633735,0.2013251399141949
5,2021-11,0.3105945450672555,0.2134602808239157
5,2021-12,0.30052777360112526,0.4988613903015876
5,2022-01,0.41457865988836595,0.4815545875507614
5,2022-02,0.5463447821891632,0.3833638362041969
6,2018-07,0.3714506529850744,-0.5094252082891921
6,2018-08,0.33187043946932004,-0.4040624123912981
6,2018-09,0.33281577010779406,-0.4033168911188644
6,2018-10,0.3820758602819239,-0.6602515052598167
6,2018-11,0.4293226523631842,-0.633971013644602
6,2018-12,0.3926829031923721,-0.6548445318090105
6,2019-01,0.5118284463101158,0.3732107253132146
6,2019-02,0.6094574367744618,0.5514487821551368
6,2019-03,0.6185201544361525,0.6890531020537256
6,2019-04,0.5699870594941953,0.4802896181520261
6,2019-05,0.5573712893864016,0.5014422781268126
6,2019-06,0.555291112147595,0.3721033550015522
6,2019-07,0.5126037365257046,0.3365865743694782
6,2019-09,0.412821735074627,-0.1160449084551278
6,2019-10,0.428161691542288,-0.3519472663677325
6,2019-11,0.4479866086235488,-0.2259047532139217
6,2019-12,0.4760496216832507,-0.30231476253134
6,2020-01,0.4281988909618579,-0.2798347178392623
6,2020-02,0.3964834266169156,-0.3482571919150478
6,2020-03,0.48053902881426164,-0.0703101363780092
6,2020-04,0.49477693304311765,0.1435018173400713
6,2020-05,0.45260718801824196,-0.3804243781301986
6,2020-06,0.4109272077114427,-0.3492556107874599
6,2020-07,0.3815172781923717,-0.5995871268303204
6,2020-08,0.3384910395936982,-0.6083633859260086
6,2020-09,0.3006376502902154,-0.8865259860371304
6,2020-10,0.27704941956882256,-0.6695244638391011
6,2020-11,0.2683455431177448,-0.7768302987239841
6,2020-12,0.2645595615671642,-0.5965430213137769
6,2021-01,0.27950926098673307,-0.2139593541000312
6,2021-02,0.3369127228441128,-0.43259664668975
6,2021-03,0.4798333488805966,0.2471946269902953
6,2021-04,0.551503430762852,0.3248102015280927
6,2021-05,0.5043742278192369,0.6300368953222046
6,2021-06,0.47954413349917124,0.6943754487395252
6,2021-07,0.45341615360696524,0.3763719821781644
6,2021-08,0.40098020833333325,0.3397473893022061
6,2021-09,0.3490245802238805,0.2776420048768644
6,2021-10,0.3178951596185742,0.2250149500873315
6,2021-11,0.2981836183665007,0.2768340798204399
6,2021-12,0.29668844320066357,0.5727209759967767
6,2022-01,0.4306090640547262,0.5482180877068619
6,2022-02,0.5461262489635155,0.3450923566718524
