commune,year,month,n_households,Maize,Sorghum,Millet,Rice,Cassava Root,Cassava Leaves,Sweet Potato,Other Tubers,Peanuts,Cowpeas,Beans,Dolique,Other Legumues,item_14,green/white cactus,red cactus,vegetables,melons,other fruit,cactus leaves,other leaves,beef,other meat,milk products,item 25,watermelon,peas,fish products,other,eggs,sugar
1,2018,8,145,0.1586,0.0276,0.0,0.0621,0.2621,0.0276,0.0276,0.0069,0.0069,0.1103,0.0,0.0,0.0138,0.0069,0.0,0.7862,0.0,0.0069,0.0,0.0483,0.0069,0.0138,0.0,0.0069,0.0,0.0,0.0,0.0,,,
1,2018,9,141,0.1489,0.0,0.0,0.4397,0.5461,0.0142,0.0426,0.0071,0.0,0.0284,0.0,0.0,0.0071,0.0,0.0,0.6383,0.0071,0.0071,0.0,0.0,0.0071,0.0071,0.0,0.0,0.0,0.0,0.2979,0.0496,0.3191,0.0,0.0
1,2018,10,124,0.1774,0.0,0.0,0.3548,0.4677,0.0081,0.0806,0.0242,0.0,0.0887,0.0,0.0,0.0,0.0,0.0,0.8145,0.0,0.0161,0.0,0.0161,0.129,0.0081,0.0,0.0,0.0,0.0,0.2339,0.0323,0.1935,0.0,0.0
1,2018,11,140,0.2857,0.0,0.0071,0.1786,0.45,0.1071,0.0286,0.0,0.0,0.0571,0.0,0.0,0.0,0.0786,0.0,0.75,0.0357,0.0071,0.0,0.0143,0.0643,0.0,0.0,0.0,0.0,0.0,0.0,0.0,0.0071,0.0143,0.0
1,2018,12,65,0.2154,0.0154,0.0,0.1538,0.4769,0.0615,0.0,0.0615,0.0,0.0462,0.0154,0.0,0.0308,0.0154,0.0462,0.6308,0.0154,0.0154,0.0769,0.1077,0.0308,0.0,0.0,0.0,0.0,0.0,0.0,0.0,0.0462,0.0,0.0
1,2019,1,115,0.0696,0.0,0.0,0.6609,0.2,0.1652,0.0,0.0957,0.0,0.0174,0.0,0.0,0.0,0.0,0.3826,0.487,0.0,0.0,0.0,0.0696,0.8,0.0,0.0174,0.0,0.0,0.0,0.0,0.0,0.0261,0.0,0.0
1,2019,2,142,0.0986,0.0211,0.0,0.2676,0.0423,0.1338,0.0211,0.007,0.0,0.0141,0.0,0.0,0.0211,0.0352,0.3944,0.2676,0.0211,0.007,0.0282,0.1056,0.3803,0.0,0.0,0.007,0.0141,0.0,0.0141,0.007,0.0845,0.0,0.0
1,2019,3,144,0.25,0.25,0.0,0.125,0.0,0.0972,0.0,0.0139,0.0,0.0833,0.0,0.0,0.0069,0.0764,0.3681,0.1875,0.0278,0.1667,0.0694,0.0,0.4167,0.0,0.0,0.0069,0.125,0.0,0.0486,0.0,0.1181,0.0,0.0
1,2019,4,142,0.3028,0.0986,0.0211,0.0704,0.0141,0.0915,0.0,0.007,0.007,0.169,0.0,0.0,0.0211,0.0775,0.0634,0.1831,0.0423,0.2183,0.0704,0.0,0.338,0.0,0.0,0.0141,0.0986,0.0,0.0704,0.0,0.2465,0.0,0.0
1,2019,5,143,0.6573,0.3357,0.035,0.028,0.049,0.1189,0.0629,0.0,0.007,0.2517,0.0,0.0,0.028,0.007,0.007,0.1259,0.007,0.0769,0.0,0.0,0.2238,0.0,0.0,0.0,0.2308,0.0,0.1119,0.0,0.3357,0.0,0.0
1,2019,6,144,0.4167,0.5069,0.0278,0.0069,0.0833,0.0069,0.3681,0.0,0.0,0.5069,0.0,0.0,0.0208,0.0486,0.0139,0.0764,0.0069,0.0347,0.0,0.0,0.0972,0.0,0.0,0.0,0.3681,0.0,0.2569,0.0139,0.2639,0.0,0.0
1,2019,7,141,0.1418,0.7234,0.0071,0.0071,0.234,0.0,0.5248,0.0142,0.0,0.4184,0.0,0.0,0.0,0.0922,0.0284,0.0426,0.0355,0.0213,0.0,0.0,0.1489,0.0071,0.0,0.0,0.5532,0.0,0.4752,0.0213,0.3901,0.0,0.0
1,2019,9,142,0.2324,0.4859,0.0,0.0,0.4366,0.0,0.6479,0.007,0.0,0.2817,0.007,0.007,0.1268,0.0,0.0,0.0423,0.0141,0.0,0.0,0.0,0.0845,0.007,0.0,0.0,0.2606,0.0,0.1972,0.0211,0.0352,0.0,0.0
1,2019,10,142,0.1857,0.3714,0.0,0.0,0.5,0.0071,0.7214,0.0,0.0,0.2286,0.0,0.0,0.2571,0.0,0.0,0.0071,0.0,0.0286,0.0,0.0,0.1071,0.0,0.0,0.0,0.2,0.0,0.15,0.0071,0.2,0.0,0.0
1,2019,11,130,0.2231,0.6692,0.0,0.0,0.5538,0.0538,0.8,0.0,0.0231,0.3615,0.0,0.0,0.5538,0.0,0.0,0.0154,0.0,0.0308,0.0,0.0,0.0077,0.0,0.0,0.0,0.6923,0.0,0.5154,0.0846,0.1,0.0,0.0
1,2019,12,135,0.1704,0.2963,0.0,0.0,0.6222,0.0741,0.7185,0.0,0.0,0.2593,0.0,0.0,0.5556,0.0,0.0,0.0074,0.0,0.0148,0.0,0.0,0.0,0.0,0.0,0.0,0.4741,0.0,0.1704,0.2,0.0074,0.0,0.0
1,2020,1,138,0.4058,0.0507,0.0,0.0,0.4275,0.0797,0.4203,0.0,0.0,0.1594,0.0,0.0,0.0145,0.0,0.5797,0.0072,0.0,0.0072,0.0,0.0,0.0,0.0,0.0,0.0,0.0072,0.0,0.0072,0.0507,0.0,0.0,0.0
1,2020,2,137,0.3577,0.5766,0.0,0.0,0.2847,0.0146,0.1752,0.0,0.0,0.0365,0.0,0.0,0.0073,0.0,0.6131,0.0,0.0,0.0,0.0,0.0,0.0,0.0,0.0,0.0,0.3358,0.0,0.3504,0.0073,0.0219,0.0,0.0
1,2020,3,138,0.442,0.2319,0.0,0.0725,0.2681,0.058,0.0725,0.0,0.0,0.0362,0.0,0.0,0.0362,0.1739,0.6884,0.0,0.0652,0.0,0.0,0.0,0.1014,0.0,0.0,0.0,0.3116,0.0,0.0797,0.0,0.0072,0.0,0.0
1,2020,4,133,0.3684,0.3008,0.0,0.0827,0.1729,0.0301,0.015,0.0301,0.0,0.1729,0.0,0.0,0.0075,0.1203,0.2932,0.015,0.0451,0.0226,0.0,0.0,0.1504,0.0,0.0,0.0,0.2105,0.0,0.1203,0.0,0.0226,0.0,0.0
1,2020,5,138,0.7101,0.058,0.0,0.0072,0.1812,0.1159,0.0145,0.029,0.0,0.1957,0.0,0.0,0.0,0.1594,0.2319,0.0362,0.0217,0.0072,0.0,0.0,0.029,0.0,0.0,0.0,0.4058,0.0,0.2391,0.0,0.2174,0.0,0.0
1,2020,6,134,0.4552,0.4254,0.0,0.0075,0.2612,0.0746,0.0522,0.0,0.0,0.0821,0.0,0.0,0.0,0.0149,0.0,0.0522,0.0,0.0,0.0,0.0,0.1493,0.0,0.0,0.0,0.1642,0.0,0.0224,0.0075,0.4478,0.0,0.0
1,2020,7,141,0.4681,0.1064,0.0,0.0355,0.6454,0.234,0.0355,0.0071,0.0,0.0426,0.0,0.0,0.0,0.0355,0.0,0.0496,0.0071,0.0,0.0,0.0,0.1064,0.0,0.0,0.0,0.2128,0.0,0.0,0.0071,0.0142,0.0,0.0
1,2020,8,135,0.2074,0.2074,0.0,0.0148,0.9333,0.0296,0.0519,0.0,0.0,0.0519,0.0,0.0,0.0,0.0074,0.0,0.0667,0.0,0.0,0.0,0.0074,0.5111,0.0,0.0,0.0,0.3111,0.0,0.037,0.0222,0.0148,0.0,0.0
1,2020,9,124,0.121,0.4113,0.0,0.0645,0.8145,0.1774,0.1371,0.0,0.0,0.0242,0.0,0.0,0.0081,0.0242,0.0,0.0806,0.0,0.0,0.0,0.0,0.3468,0.0,0.0,0.0,0.4032,0.0,0.1694,0.0,0.2258,0.0,0.0
1,2020,10,138,0.2899,0.0435,0.0,0.0942,0.913,0.2029,0.2609,0.0,0.0,0.0435,0.0,0.0,0.0,0.0,0.0,0.1957,0.0,0.0,0.0,0.0072,0.4203,0.0,0.0,0.0,0.3188,0.0,0.0,0.0,0.0217,0.0,0.0
1,2020,11,137,0.2336,0.0146,0.0,0.1679,0.8613,0.1679,0.0365,0.0,0.0,0.1095,0.0,0.0,0.0073,0.0,0.0,0.3139,0.0,0.0,0.0,0.0,0.0365,0.0,0.0,0.0,0.0438,0.0,0.0,0.1533,0.1825,0.0,0.0
1,2020,12,139,0.223,0.6331,0.0,0.2878,0.4101,0.1583,0.0072,0.0,0.0,0.0216,0.0,0.0,0.0,0.0,0.0,0.3237,0.0,0.0,0.0,0.0,0.0863,0.0144,0.0216,0.0072,0.6331,0.0,0.5971,0.0,0.5396,0.0,0.0
1,2021,1,139,0.1511,0.0935,0.0,0.4388,0.3094,0.1799,0.0,0.0,0.0,0.036,0.0,0.0,0.0,0.0,0.259,0.5396,0.0,0.0,0.0,0.0504,0.0863,0.0072,0.0,0.0,0.0216,0.0,0.0,0.0,0.0504,0.0,0.0
1,2021,2,132,0.25,0.5455,0.0,0.3864,0.1364,0.1667,0.0,0.0,0.0,0.0227,0.0,0.0,0.0,0.0,0.3258,0.2576,0.0,0.0,0.0,0.0379,0.303,0.0,0.0,0.0,0.3561,0.0,0.3712,0.0,0.2197,0.0,0.0
1,2021,3,139,0.0863,0.5612,0.0,0.3453,0.0504,0.4029,0.0,0.0,0.0,0.0,0.0,0.0,0.0,0.0,0.3741,0.0432,0.0,0.0,0.0,0.0144,0.3165,0.0,0.0,0.0072,0.554,0.0144,0.3309,0.0719,0.7986,0.0,0.0
1,2021,5,136,0.7574,0.2206,0.0,0.1471,0.0,0.2721,0.0,0.0,0.0,0.4265,0.0,0.0,0.0,0.0,0.0,0.0147,0.0,0.4265,0.0074,0.0,0.3235,0.0,0.0,0.1029,0.2941,0.2132,0.0441,0.0368,0.7353,0.0,0.0
1,2021,6,141,0.8298,0.0071,0.0,0.0426,0.0,0.1844,0.0,0.0,0.0,0.4326,0.0,0.0,0.0,0.0,0.0,0.078,0.0,0.4184,0.0,0.0071,0.7021,0.0213,0.0071,0.078,0.0071,0.1631,0.0,0.0071,0.5603,0.0,0.0
1,2021,7,124,0.7339,0.0,0.0,0.0403,0.1694,0.0968,0.0242,0.0,0.0,0.7984,0.0,0.0,0.0,0.0,0.0,0.0565,0.0,0.2419,0.0,0.0,0.621,0.0161,0.0484,0.0484,0.0242,0.1532,0.0,0.0081,0.5323,0.0,0.0
1,2021,8,139,0.6906,0.0,0.0,0.036,0.4964,0.0144,0.3813,0.0,0.0,0.777,0.0,0.0072,0.0,0.0,0.0,0.0504,0.0,0.1655,0.0,0.0,0.518,0.0144,0.0144,0.0647,0.0288,0.0072,0.0072,0.0504,0.1295,0.0,0.0
1,2021,9,144,0.7083,0.0,0.0,0.0417,0.5347,0.0417,0.7222,0.0,0.0,0.5139,0.0,0.0278,0.0,0.0,0.0069,0.0556,0.0,0.0,0.0,0.0,0.75,0.0278,0.0,0.0764,0.1597,0.0,0.0,0.1319,0.2708,0.0069,0.0
1,2021,10,141,0.6241,0.0,0.0,0.0496,0.5248,0.1206,0.7234,0.0,0.0,0.2624,0.0142,0.0355,0.0,0.0,0.0,0.0851,0.0,0.0,0.0,0.0,0.3404,0.0355,0.0355,0.0567,0.1986,0.0071,0.0,0.1348,0.2553,0.0,0.0071
1,2021,11,134,0.6119,0.0075,0.0,0.0373,0.5373,0.0821,0.6194,0.0,0.0,0.2836,0.0224,0.0,0.0,0.0,0.0,0.1642,0.0,0.0075,0.0,0.0,0.2388,0.0224,0.0597,0.0,0.0149,0.0,0.0,0.0075,0.1567,0.0,0.0
1,2021,12,40,0.45,0.525,0.0,0.075,0.725,0.125,0.375,0.0,0.0,0.15,0.0,0.0,0.0,0.0,0.0,0.125,0.0,0.0,0.0,0.0,0.15,0.0,0.025,0.025,0.575,0.0,0.5,0.0,0.65,0.0,0.0
1,2022,1,38,0.4211,0.1842,0.0,0.1579,0.1579,0.6842,0.0,0.0263,0.0,0.0526,0.0,0.0,0.0,0.0,0.7368,0.1579,0.0,0.0,0.0,0.0,0.0526,0.0263,0.0,0.0,0.0789,0.0,0.0263,0.0,0.0526,0.0,0.0
1,2022,2,70,0.3429,0.3429,0.0,0.3286,0.1429,0.3714,0.0286,0.0,0.0,0.0429,0.0,0.0,0.0,0.0,0.7857,0.0571,0.0,0.0,0.0,0.0,0.7,0.0,0.1,0.0,0.3286,0.0,0.1286,0.0,0.3714,0.0,0.0
2,2018,8,66,0.1212,0.0,0.0,0.0152,0.1667,0.0758,0.0,0.0152,0.0,0.0,0.0,0.0,0.0455,0.0,0.0,0.9545,0.0,0.0,0.0,0.0303,0.1061,0.0,0.0,0.0,0.0,0.0,0.0,0.0303,,,
2,2018,9,66,0.0303,0.0,0.0,0.3333,0.0758,0.0303,0.0,0.0,0.0,0.0,0.0,0.0,0.0455,0.0,0.0152,0.8333,0.0,0.0,0.0,0.0,0.0606,0.0,0.0,0.0,0.0,0.0,0.0606,0.0,0.0152,0.0,0.0
2,2018,10,66,0.0152,0.0,0.0,0.1212,0.1515,0.0606,0.0,0.0,0.0,0.0,0.0,0.0,0.1364,0.0,0.0,0.8939,0.0,0.0,0.0,0.0152,0.0909,0.0,0.0,0.0,0.0,0.0,0.0,0.0,0.0152,0.0,0.0
2,2018,11,64,0.2812,0.0,0.0,0.25,0.125,0.125,0.0156,0.0,0.0,0.0156,0.0,0.0,0.0,0.0,0.0,0.8125,0.0,0.0,0.0,0.0156,0.6406,0.0,0.0,0.0,0.0,0.0,0.0,0.0625,0.0156,0.0,0.0
2,2018,12,54,0.0185,0.0,0.0,0.2407,0.0741,0.1852,0.0,0.0,0.0,0.0185,0.0,0.0,0.0,0.0,0.0,0.963,0.0,0.0,0.0,0.0185,0.2593,0.0,0.0,0.0,0.0,0.0,0.0,0.0,0.0,0.0,0.0
2,2019,1,60,0.0333,0.0,0.0,0.3667,0.0,0.5167,0.0,0.0,0.0,0.0167,0.0,0.0,0.0,0.0,0.0833,0.8833,0.0,0.0,0.0,0.0,0.2167,0.0,0.0,0.0,0.0,0.0,0.0,0.0,0.0,0.0,0.0
2,2019,2,65,0.0,0.2308,0.0154,0.1077,0.0154,0.3846,0.0,0.0,0.0,0.0308,0.0,0.0,0.0154,0.0,0.0,0.2923,0.0,0.0154,0.0,0.1846,0.3846,0.0,0.0,0.0,0.0,0.0,0.0,0.0,0.0,0.0,0.0
2,2019,3,65,0.0923,0.4154,0.0,0.0,0.0,0.0923,0.0,0.0,0.0,0.0,0.0,0.0,0.0154,0.0,0.0308,0.0769,0.0,0.0,0.0,0.0308,0.3077,0.0,0.0,0.0,0.1692,0.0,0.1692,0.0,0.0154,0.0,0.0
2,2019,4,63,0.1429,0.5238,0.0,0.0159,0.0,0.0794,0.0,0.0,0.0,0.0635,0.0,0.0,0.0,0.0,0.0,0.0,0.0,0.0317,0.0,0.0476,0.1905,0.0,0.0,0.0,0.2381,0.0,0.2063,0.0,0.1746,0.0,0.0
2,2019,5,64,0.3594,0.625,0.0312,0.0312,0.0625,0.125,0.0,0.0,0.0,0.1406,0.0,0.0,0.0,0.0,0.0,0.0781,0.0,0.0156,0.0,0.0,0.2344,0.0,0.0,0.0,0.2188,0.0,0.2188,0.0,0.0,0.0,0.0
2,2019,6,62,0.1935,0.5806,0.0484,0.0161,0.2581,0.2097,0.2419,0.0,0.0,0.2258,0.0,0.0,0.0,0.0,0.0,0.0968,0.0,0.0,0.0,0.0323,0.1613,0.0,0.0,0.0,0.1774,0.0161,0.1452,0.0,0.0161,0.0,0.0
2,2019,7,62,0.2258,0.5806,0.0161,0.0645,0.2258,0.1129,0.4194,0.0,0.0,0.0806,0.0,0.0,0.0,0.0,0.0,0.0645,0.0,0.0,0.0,0.0,0.0161,0.0,0.0,0.0,0.1774,0.0161,0.2419,0.0,0.0,0.0,0.0
2,2019,9,60,0.15,0.4667,0.0,0.0,0.4833,0.0,0.8,0.0167,0.0,0.0167,0.0,0.0,0.0,0.0,0.0,0.0167,0.0,0.0,0.0,0.0,0.0333,0.0,0.0,0.0,0.0,0.0,0.0,0.0,0.0333,0.0,0.0
2,2019,10,66,0.2121,0.2727,0.0152,0.0152,0.6061,0.0152,0.8939,0.0,0.0,0.0,0.0,0.0,0.0,0.0,0.0,0.0303,0.0,0.0,0.0,0.0,0.0152,0.0,0.0,0.0,0.0,0.0,0.0303,0.0152,0.0,0.0,0.0
2,2019,11,63,0.3333,0.0635,0.0,0.0635,0.6667,0.0635,0.619,0.0,0.1429,0.1587,0.0,0.0,0.0,0.0,0.0,0.0635,0.0,0.0,0.0,0.0,0.0159,0.0,0.0159,0.0,0.1587,0.0,0.0159,0.0476,0.0,0.0,0.0
2,2019,12,62,0.4839,0.0161,0.0,0.0806,0.9516,0.0,0.5,0.0,0.0,0.0806,0.0,0.0,0.0,0.0,0.0,0.0161,0.0,0.0,0.0,0.0,0.0161,0.0161,0.0161,0.0323,0.0161,0.0,0.0,0.0484,0.0,0.0,0.0
2,2020,1,65,0.2063,0.0159,0.0,0.0,0.8571,0.0,0.6032,0.0,0.0,0.0159,0.0,0.0,0.0,0.0,0.0952,0.1587,0.0,0.0317,0.0,0.0,0.0,0.0,0.0,0.0,0.0,0.0,0.0,0.0,0.0,0.0,0.0
2,2020,2,66,0.303,0.3182,0.0,0.0758,0.8788,0.0455,0.0909,0.0,0.0,0.1061,0.0,0.0,0.0,0.0,0.0455,0.3636,0.0,0.0,0.0,0.0,0.0455,0.0,0.0,0.0,0.2273,0.0303,0.1061,0.0,0.0,0.0,0.0
2,2020,3,66,0.2424,0.4091,0.0,0.0909,0.7424,0.0909,0.0152,0.0,0.0,0.0758,0.0,0.0,0.0,0.0,0.0909,0.3182,0.0,0.0,0.0,0.0,0.4394,0.0,0.0909,0.0,0.4848,0.0,0.1364,0.0455,0.0,0.0,0.0152
2,2020,4,62,0.129,0.0645,0.0,0.0484,0.629,0.0806,0.0,0.1774,0.0,0.0323,0.0,0.0,0.0,0.0,0.1613,0.5484,0.0,0.0,0.0,0.0161,0.3871,0.0,0.0,0.0,0.0484,0.0,0.0323,0.0161,0.0,0.0,0.0
2,2020,5,64,0.0469,0.6406,0.0,0.0938,0.4375,0.0312,0.0,0.1562,0.0,0.0938,0.0,0.0,0.0,0.0,0.0312,0.3281,0.0,0.0,0.0,0.0156,0.3906,0.0,0.0,0.0,0.6719,0.0,0.5312,0.0312,0.0156,0.0,0.0156
2,2020,6,63,0.1429,0.2698,0.0,0.1587,0.254,0.0,0.0159,0.3968,0.0,0.0317,0.0,0.0,0.0,0.0,0.0,0.6508,0.0,0.0159,0.0,0.0,0.3968,0.0,0.0317,0.0,0.2063,0.0,0.0476,0.0159,0.0159,0.0,0.0
2,2020,7,38,0.0789,0.1579,0.0,0.0526,0.2895,0.0,0.0,0.6842,0.0,0.0,0.0,0.0,0.0,0.0,0.0,0.8947,0.0,0.0,0.0,0.0,0.8421,0.0,0.0263,0.0,0.1579,0.0,0.0,0.0,0.0,0.0,0.0
2,2020,8,63,0.0161,0.5806,0.0,0.0161,0.7419,0.0161,0.0,0.0323,0.0,0.0,0.0,0.0,0.0,0.0,0.0,0.7581,0.0,0.0,0.0,0.0,0.5806,0.0,0.0,0.0,0.5645,0.0,0.4677,0.0,0.0,0.0,0.0
2,2020,9,62,0.0161,0.2097,0.0,0.0484,0.6452,0.0161,0.0,0.0,0.0,0.0,0.0,0.0,0.0,0.0,0.0,0.9032,0.0,0.0,0.0,0.0161,0.4839,0.0,0.0,0.0,0.3065,0.0,0.2097,0.0,0.0,0.0,0.0
2,2020,10,64,0.0156,0.0625,0.0,0.2188,0.5938,0.2812,0.0,0.0,0.0,0.0,0.0,0.0,0.0,0.0,0.0,0.8438,0.0,0.0,0.0,0.0,0.0,0.0,0.0,0.0,0.0156,0.0,0.0156,0.0,0.0312,0.0,0.0
2,2020,11,63,0.0,0.0,0.0,0.0635,0.2698,0.1587,0.0,0.0,0.0,0.0,0.0,0.0,0.0,0.0,0.0,0.9524,0.0,0.0,0.0,0.0,0.0,0.0,0.0,0.0,0.0,0.0,0.0,0.0,0.0794,0.0,0.0
2,2020,12,64,0.0,0.0,0.0,0.0312,0.2969,0.1562,0.0,0.0,0.0,0.0312,0.0,0.0,0.0,0.0,0.0,0.9375,0.0,0.0,0.0,0.0,0.0,0.0,0.0,0.0,0.0,0.0,0.0,0.0,0.0156,0.0,0.0
2,2021,1,65,0.0,0.3385,0.0,0.1077,0.2154,0.3077,0.0,0.0,0.0,0.0,0.0,0.0,0.0,0.0,0.0,0.8,0.0,0.0,0.0,0.0,0.0,0.0,0.0,0.0,0.2308,0.0,0.1846,0.0,0.0154,0.0,0.0
2,2021,2,57,0.3684,0.0175,0.0,0.1579,0.1053,0.4386,0.0,0.0,0.0,0.0175,0.0,0.0,0.0,0.0,0.0,0.5263,0.0,0.0,0.0,0.1228,0.4211,0.0,0.0,0.0,0.2807,0.0,0.0175,0.0,0.0,0.0,0.0
2,2021,3,65,0.1077,0.3231,0.0,0.3538,0.0923,0.5231,0.0,0.0,0.0,0.0,0.0,0.0,0.0,0.0,0.2,0.5692,0.0,0.0,0.0,0.0923,0.5692,0.0,0.0,0.0,0.3538,0.0,0.2308,0.0308,0.0769,0.0,0.0
2,2021,4,30,0.1667,0.2,0.0,0.5,0.0,0.6,0.0,0.0,0.0,0.0333,0.0,0.0,0.0,0.0,0.0333,0.4,0.0,0.0,0.0667,0.0,0.2333,0.0,0.0,0.0,0.2,0.0,0.0667,0.0,0.6333,0.0,0.0
2,2021,5,66,0.4394,0.4394,0.0,0.4848,0.0,0.2727,0.0,0.0,0.0,0.1515,0.0,0.0,0.0152,0.0,0.0303,0.1061,0.0,0.0,0.0,0.0,0.1515,0.0,0.0,0.0,0.1515,0.1061,0.2576,0.0,0.9545,0.0,0.0
2,2021,6,49,0.4694,0.1633,0.0,0.102,0.0,0.3469,0.0,0.0,0.0,0.1224,0.0,0.0,0.0204,0.0,0.0,0.551,0.0,0.0,0.0,0.0,0.5714,0.0,0.0,0.0,0.0204,0.0204,0.0204,0.0,0.4286,0.0,0.0
2,2021,7,65,0.1231,0.0154,0.0,0.1692,0.0308,0.2615,0.0,0.0,0.0,0.1846,0.0,0.0,0.0,0.0,0.0,0.8,0.0,0.0,0.0,0.0154,0.6308,0.0,0.0,0.0,0.0,0.0154,0.0,0.0,0.5846,0.0,0.0
2,2021,8,63,0.0952,0.0635,0.0,0.1587,0.4444,0.0952,0.0,0.0,0.0,0.1905,0.0,0.0,0.0,0.0,0.0,0.6984,0.0,0.0,0.0,0.0,0.8095,0.0,0.0159,0.0,0.0794,0.0,0.0317,0.0159,0.3492,0.0,0.0
2,2021,9,64,0.4531,0.0156,0.0,0.125,0.8281,0.0938,0.0156,0.0,0.0,0.2969,0.0,0.0,0.0,0.0,0.0,0.3594,0.0,0.0,0.0,0.0,0.375,0.0156,0.0,0.0,0.0,0.0,0.0,0.0,0.0938,0.0,0.0
2,2021,10,66,0.697,0.0,0.0,0.0152,0.803,0.1212,0.0303,0.0,0.0,0.3182,0.0,0.0,0.0,0.0,0.0,0.2576,0.0,0.0,0.0,0.0,0.1818,0.0,0.0152,0.0,0.0,0.0,0.0,0.0152,0.0152,0.0,0.0
2,2021,11,65,0.5077,0.0,0.0,0.1077,0.6308,0.1385,0.0,0.0,0.0,0.2308,0.0,0.0154,0.0,0.0,0.0,0.4154,0.0,0.0,0.0,0.0,0.0923,0.0,0.0,0.0,0.0,0.0,0.0,0.0462,0.0154,0.0,0.0154
2,2021,12,65,0.7538,0.0,0.0,0.0923,0.6,0.2308,0.0,0.0,0.0,0.3846,0.0,0.0,0.0,0.0,0.0,0.5231,0.0,0.0,0.0,0.0,0.1385,0.0,0.0,0.0,0.3077,0.0,0.0,0.0308,0.0,0.0,0.0
2,2022,1,60,0.4167,0.0,0.0,0.1333,0.3,0.4,0.0,0.0,0.0,0.1167,0.0,0.0,0.0,0.0,0.0167,0.7,0.0,0.0167,0.0,0.0,0.3667,0.0,0.0,0.0,0.0,0.0,0.0,0.0,0.0,0.0,0.0
2,2022,2,61,0.082,0.0,0.0,0.541,0.1311,0.8361,0.0,0.0,0.0,0.0328,0.0,0.0,0.0,0.0,0.1639,0.6393,0.0,0.0,0.0,0.0,0.1148,0.0,0.0,0.0,0.0,0.0,0.0,0.0164,0.0,0.0,0.0
3,2018,8,82,0.2195,0.0,0.0,0.0976,0.122,0.061,0.0,0.061,0.0122,0.0,0.0,0.0,0.0244,0.0,0.0122,0.8415,0.0,0.0,0.0,0.0,0.3902,0.0,0.0,0.0,0.0,0.0,0.0,0.0244,,,
3,2018,9,80,0.1125,0.0,0.0,0.2,0.225,0.0625,0.0,0.0,0.0,0.075,0.0,0.0,0.0,0.0,0.0,0.9375,0.0,0.0,0.05,0.0125,0.575,0.0,0.0125,0.0,0.0,0.0,0.1125,0.0375,0.1375,0.0,0.0
3,2018,10,81,0.2469,0.0,0.0,0.2099,0.3827,0.0988,0.0,0.0,0.0,0.0,0.0,0.0,0.0,0.0,0.0,0.9383,0.0,0.0,0.0,0.0,0.3457,0.0,0.0123,0.0,0.0,0.0,0.0123,0.0988,0.0741,0.0,0.0
3,2018,11,81,0.679,0.0,0.0,0.0741,0.2469,0.0988,0.0123,0.0,0.0,0.0123,0.0,0.0,0.0,0.0,0.0123,1.0,0.0,0.0,0.0,0.0,0.0123,0.0,0.0,0.0,0.0,0.0,0.0,0.0,0.0494,0.0,0.0
3,2018,12,15,0.0,0.0,0.0,0.0714,0.0,0.0714,0.0,0.0,0.0,0.0,0.0,0.0,0.0,0.3571,0.0,0.9286,0.0,0.0,0.0,0.0714,0.2143,0.0,0.0,0.0,0.0,0.0,0.0,0.0,0.0,0.0,0.0
3,2019,1,81,0.0133,0.0,0.0,0.04,0.0,0.2933,0.0,0.0,0.0,0.0133,0.0,0.0,0.0,0.0,0.0,0.9467,0.0267,0.0,0.0,0.0,0.0133,0.0,0.0,0.0,0.0,0.0,0.0,0.0,0.0,0.0,0.0
3,2019,2,79,0.2532,0.2405,0.0,0.0886,0.0,0.481,0.0,0.0,0.0,0.1013,0.0,0.0,0.0,0.0253,0.0,0.443,0.0127,0.0886,0.0,0.0253,0.3671,0.0,0.0,0.0,0.0633,0.0253,0.0886,0.1392,0.0127,0.0,0.0
3,2019,3,80,0.275,0.6,0.0,0.0375,0.0125,0.25,0.0,0.0,0.0,0.2625,0.0,0.0,0.0,0.05,0.0,0.175,0.0,0.1,0.075,0.025,0.1375,0.0,0.0,0.0,0.325,0.0125,0.225,0.1,0.125,0.0,0.0125
3,2019,4,79,0.3924,0.4684,0.0,0.038,0.0,0.2025,0.0,0.0,0.0,0.3797,0.0,0.0,0.0506,0.0127,0.0,0.1646,0.0127,0.2278,0.0506,0.0,0.1013,0.0127,0.0,0.0,0.4304,0.0,0.2658,0.1139,0.0,0.0,0.0253
3,2019,5,80,0.2625,0.775,0.0,0.0375,0.05,0.1,0.0125,0.0125,0.0,0.3,0.0,0.0,0.0,0.0125,0.0125,0.1,0.0125,0.1125,0.0125,0.0,0.025,0.0,0.0,0.0,0.6125,0.0,0.5125,0.1125,0.2625,0.0,0.0
3,2019,6,76,0.25,0.8684,0.0,0.0132,0.0658,0.1316,0.0132,0.0526,0.0,0.1711,0.0,0.0,0.0,0.0921,0.0,0.0921,0.0789,0.0132,0.0,0.0,0.1579,0.0,0.0,0.0,0.6842,0.0,0.6184,0.1184,0.3158,0.0,0.0
3,2019,7,78,0.2949,0.7949,0.0,0.0128,0.1538,0.1154,0.141,0.0385,0.0,0.0897,0.0,0.0,0.0,0.0513,0.0,0.1154,0.0128,0.0,0.0,0.0128,0.1795,0.0,0.0,0.0,0.5769,0.0,0.5385,0.1154,0.1538,0.0,0.0256
3,2019,9,74,0.4054,0.4054,0.0,0.0676,0.4054,0.0541,0.527,0.0,0.0,0.3243,0.0,0.0135,0.0676,0.0,0.0,0.0541,0.0,0.0,0.0,0.0,0.0541,0.0,0.0,0.0,0.3784,0.0,0.2703,0.1351,0.0,0.0,0.027
3,2019,10,77,0.3506,0.3766,0.0,0.0779,0.4156,0.1169,0.4805,0.0,0.0,0.0909,0.0,0.0,0.0,0.0779,0.0,0.2338,0.026,0.013,0.0,0.0,0.1688,0.0,0.0,0.0,0.3247,0.0,0.1948,0.1948,0.026,0.0,0.0
3,2019,11,77,0.3636,0.7013,0.0,0.039,0.3247,0.0,0.4805,0.013,0.0,0.026,0.0,0.0,0.0,0.1429,0.0,0.0779,0.0519,0.039,0.0,0.0,0.0519,0.0,0.0,0.0,0.7143,0.0,0.5065,0.1429,0.1039,0.0,0.0
3,2019,12,78,0.359,0.2949,0.0,0.0,0.5,0.1026,0.641,0.0,0.0,0.0385,0.0,0.0,0.0,0.1282,0.0,0.2821,0.0769,0.0128,0.0,0.0,0.0,0.0,0.0,0.0,0.4872,0.0,0.1923,0.0256,0.0,0.0,0.0128
3,2020,1,81,0.4321,0.037,0.0,0.0,0.642,0.0,0.5432,0.0,0.0,0.1235,0.0,0.0,0.0,0.1728,0.0,0.3951,0.0,0.1111,0.0,0.0,0.0,0.0,0.0,0.0,0.037,0.0,0.0,0.1111,0.0,0.0,0.0
3,2020,2,82,0.2683,0.0244,0.0,0.0244,0.7683,0.0122,0.3415,0.0,0.0,0.122,0.0,0.0,0.0,0.122,0.0,0.5244,0.0122,0.0122,0.0,0.0,0.0,0.0,0.0,0.0,0.0244,0.0,0.0244,0.1098,0.0,0.0,0.0
3,2020,3,81,0.3704,0.2593,0.0,0.0123,0.7778,0.1111,0.2593,0.0,0.0,0.1358,0.0,0.0,0.0,0.2099,0.0123,0.4074,0.037,0.0,0.0,0.0247,0.0,0.0,0.0,0.0,0.284,0.0,0.2593,0.0123,0.2222,0.0,0.0
3,2020,4,82,0.0488,0.2439,0.0,0.0122,0.3902,0.1707,0.0,0.0,0.0,0.0732,0.0,0.0,0.0,0.2683,0.0,0.8171,0.061,0.0,0.0,0.0,0.0,0.0,0.0,0.0,0.2683,0.0,0.122,0.1341,0.5122,0.0,0.0
3,2020,5,82,0.0244,0.0244,0.0,0.1341,0.1098,0.0366,0.0,0.0,0.0,0.0122,0.0,0.0,0.0,0.3537,0.0,0.7317,0.0732,0.0,0.0,0.0,0.0,0.0,0.0,0.0,0.0244,0.0,0.0122,0.0244,0.8171,0.0,0.0
3,2020,6,80,0.15,0.025,0.0,0.0375,0.3625,0.1875,0.0,0.0,0.0,0.0125,0.0,0.0,0.0,0.0,0.0,0.625,0.0,0.0,0.0,0.0,0.0,0.0,0.0,0.0,0.025,0.0,0.0,0.025,0.5375,0.0,0.0
3,2020,7,82,0.561,0.0488,0.0,0.0122,0.6951,0.0366,0.0,0.0,0.0,0.0,0.0,0.0,0.0122,0.2927,0.0,1.0,0.0,0.0,0.0,0.0,0.0,0.0,0.0,0.0,0.3902,0.0,0.3415,0.0,0.3659,0.0,0.0
3,2020,8,82,0.061,0.439,0.0,0.0122,0.6585,0.0732,0.0,0.0,0.0,0.0,0.0,0.0,0.0,0.0,0.0,1.0,0.0,0.0,0.0,0.0,0.0,0.0,0.0,0.0,0.439,0.0,0.4146,0.0488,0.5244,0.0,0.0
3,2020,9,81,0.0494,0.4074,0.0,0.0494,0.7037,0.1235,0.0123,0.0,0.0,0.0123,0.0,0.0,0.0,0.0,0.0,0.9877,0.0,0.0,0.0,0.0,0.0,0.0,0.0,0.0,0.4568,0.0,0.3951,0.0123,0.5926,0.0,0.0
3,2020,10,82,0.0732,0.0,0.0,0.3659,0.4634,0.0732,0.0,0.0,0.0,0.0122,0.0,0.0,0.0,0.0,0.0,0.6463,0.0,0.0,0.0,0.0,0.0,0.0,0.0,0.0,0.0,0.0,0.0,0.0,0.061,0.0,0.0
3,2020,11,82,0.0122,0.0,0.0,0.1585,0.3293,0.1098,0.0,0.0,0.0,0.0122,0.0,0.0,0.0,0.0,0.0,0.7439,0.0,0.0,0.0,0.0122,0.0,0.0,0.0,0.0,0.0,0.0,0.0,0.0732,0.0122,0.0,0.0
3,2020,12,81,0.0247,0.2099,0.0,0.1111,0.1358,0.0494,0.0,0.0,0.0,0.0123,0.0,0.0,0.0,0.0,0.0,0.8148,0.0,0.0,0.0,0.2222,0.0,0.0,0.0,0.0,0.1728,0.0,0.1852,0.0123,0.5062,0.0,0.0
3,2021,1,82,0.0366,0.0,0.0,0.7561,0.0244,0.0,0.0,0.0,0.0,0.0,0.0,0.0,0.0,0.0,0.0,0.5488,0.0,0.0,0.0,0.0,0.0,0.0,0.0,0.0,0.0,0.0,0.0,0.0,0.0,0.0,0.0
3,2021,2,82,0.0,0.2927,0.0,0.5244,0.0,0.0,0.0,0.0,0.0,0.0,0.0,0.0,0.0,0.0,0.0,0.0732,0.0,0.0,0.0,0.0732,0.0732,0.0,0.0122,0.0,0.2927,0.0,0.2561,0.0,0.0,0.0,0.0
3,2021,3,82,0.0,0.0976,0.0,0.122,0.0122,0.378,0.0,0.0,0.0,0.0,0.0,0.0,0.0,0.0,0.0,0.1463,0.0,0.0,0.0,0.061,0.0366,0.0,0.0,0.0,0.1098,0.0,0.0122,0.0,0.4024,0.0,0.0
3,2021,4,19,0.0,0.0,0.0,0.2632,0.0,0.6316,0.0,0.0,0.0,0.0,0.0,0.0,0.0,0.0,0.0,0.0526,0.0,0.0,0.0,0.0,0.0,0.0,0.0,0.0,0.0,0.0,0.0,0.0526,0.0,0.0,0.0
3,2021,5,82,0.1463,0.0,0.0,0.061,0.0,0.5854,0.0,0.0,0.0,0.0,0.0,0.0,0.0,0.0,0.0,0.1951,0.0,0.0,0.0,0.0,0.0,0.0,0.0,0.0,0.0,0.0,0.0,0.0244,0.0366,0.0,0.0
3,2021,6,82,0.0976,0.0,0.0,0.0122,0.0,0.1585,0.0,0.0,0.0,0.0,0.0,0.0,0.0,0.0,0.0,0.7683,0.0,0.0,0.0,0.0,0.0,0.0,0.0,0.0,0.0,0.0,0.0,0.0,0.0,0.0,0.0
3,2021,7,82,0.061,0.0,0.0,0.0,0.0,0.0244,0.0,0.0,0.0,0.0,0.0,0.0,0.0,0.0,0.0,0.7073,0.0,0.0,0.0,0.0122,0.122,0.0,0.0,0.0,0.0,0.0,0.0,0.0122,0.061,0.0,0.0
3,2021,8,82,0.0366,0.0,0.0,0.0,0.0,0.0,0.0,0.0,0.0,0.0,0.0,0.0,0.0,0.0,0.0,0.622,0.0,0.0,0.0,0.0,0.0,0.0,0.0,0.0,0.0366,0.0,0.0,0.0,0.378,0.0,0.0
3,2021,9,82,0.0244,0.0,0.0,0.0,0.0732,0.0,0.0,0.0,0.0,0.0,0.0,0.0,0.0,0.0,0.0,0.7195,0.0,0.0,0.0,0.0,0.0,0.0,0.0,0.0,0.0,0.0,0.0,0.0,0.2195,0.0,0.0
3,2021,10,82,0.1951,0.0,0.0,0.0244,0.3171,0.0366,0.0122,0.0,0.0,0.0854,0.0,0.0,0.0,0.0,0.0,0.1585,0.0,0.0,0.0,0.0,0.0,0.0,0.0,0.0,0.1098,0.0,0.0,0.0122,0.1707,0.0,0.0
3,2021,11,82,0.0854,0.0,0.0,0.0,0.3171,0.0,0.0,0.0,0.0,0.0,0.0,0.0,0.0,0.0,0.0,0.439,0.0,0.0,0.0,0.0,0.1341,0.0,0.0,0.0,0.0,0.0,0.0,0.0,0.0,0.0,0.0
3,2021,12,81,0.037,0.0247,0.0,0.0864,0.1975,0.037,0.0,0.0,0.0,0.1358,0.0,0.0,0.0,0.0,0.0,0.3827,0.0,0.0,0.0,0.0,0.0,0.0,0.0,0.0,0.0123,0.0,0.0247,0.0,0.0,0.0,0.0
3,2022,1,82,0.0366,0.0,0.0,0.0244,0.0122,0.378,0.0,0.0,0.0,0.1463,0.0,0.0,0.0,0.0,0.0,0.122,0.0,0.0,0.0,0.0,0.2439,0.0,0.0,0.0,0.0,0.0,0.0,0.0,0.0,0.0,0.0
3,2022,2,81,0.0,0.0,0.0,0.0,0.0617,0.1852,0.0,0.0,0.0,0.037,0.0,0.0,0.0,0.0,0.0,0.0,0.0,0.1852,0.0,0.0,0.1605,0.0,0.0,0.0,0.0,0.0,0.0,0.0,0.3457,0.0,0.0
4,2018,8,125,0.376,0.2,0.0,0.056,0.328,0.04,0.04,0.0,0.0,0.008,0.0,0.008,0.0,0.016,0.032,0.664,0.0,0.0,0.0,0.0,0.152,0.0,0.0,0.0,0.0,0.0,0.048,0.0,,,
4,2018,9,123,0.1951,0.0244,0.0,0.122,0.4228,0.0488,0.0,0.0,0.0,0.0,0.0,0.0569,0.0,0.0,0.0,0.878,0.0,0.0,0.0,0.0244,0.2195,0.0,0.0,0.0,0.0,0.0081,0.0,0.0,0.0976,0.0,0.0
4,2018,10,122,0.1475,0.2213,0.0,0.1721,0.459,0.0656,0.0164,0.0,0.0,0.0,0.0,0.041,0.0,0.0,0.0,0.7541,0.0,0.0,0.0,0.0082,0.123,0.0,0.0,0.0,0.0,0.0,0.1148,0.0,0.0164,0.0,0.0
4,2018,11,114,0.2212,0.0088,0.0,0.0973,0.5398,0.1062,0.0354,0.0,0.0,0.0177,0.0,0.0,0.0,0.0,0.0,0.885,0.0,0.0619,0.0,0.0,0.4336,0.0,0.0,0.0,0.0,0.0,0.0,0.0088,0.0,0.0,0.0
4,2018,12,90,0.5169,0.0449,0.0,0.3483,0.3483,0.0562,0.0899,0.0112,0.0,0.0899,0.0,0.0112,0.0,0.0,0.0,1.0,0.0,0.0112,0.0,0.0225,0.764,0.0,0.0,0.0,0.0,0.0,0.0899,0.0,0.0225,0.0112,0.0112
4,2019,1,120,0.4833,0.075,0.0,0.35,0.1917,0.3083,0.0,0.0,0.0,0.0833,0.0,0.025,0.0,0.0,0.0,0.8333,0.0,0.0333,0.0083,0.0333,0.625,0.0,0.0,0.0,0.0,0.0,0.05,0.0,0.1,0.0083,0.0167
4,2019,2,121,0.2314,0.2645,0.0248,0.1736,0.0413,0.2645,0.0,0.0,0.0,0.0165,0.0,0.0,0.0579,0.0331,0.0331,0.2149,0.0331,0.0083,0.0083,0.0248,0.2149,0.0,0.0,0.0,0.1983,0.0248,0.2314,0.0,0.2975,0.0,0.0
4,2019,3,120,0.275,0.6917,0.05,0.0583,0.025,0.1167,0.0167,0.0,0.0,0.125,0.0,0.0,0.0,0.0083,0.025,0.0167,0.0,0.1833,0.0,0.0,0.1,0.0,0.0,0.0,0.2417,0.15,0.4667,0.0,0.05,0.0,0.0
4,2019,4,125,0.224,0.672,0.0,0.04,0.048,0.08,0.0,0.0,0.0,0.192,0.0,0.0,0.0,0.0,0.112,0.016,0.0,0.168,0.0,0.0,0.048,0.0,0.0,0.0,0.096,0.0,0.256,0.0,0.056,0.0,0.0
4,2019,5,123,0.2358,0.6992,0.0,0.0163,0.1707,0.0081,0.0325,0.0,0.0,0.1138,0.0,0.0081,0.0,0.0,0.0732,0.0081,0.0,0.0813,0.0,0.0,0.0488,0.0,0.0,0.0,0.2602,0.0,0.4065,0.0,0.065,0.0,0.0
4,2019,6,125,0.112,0.712,0.008,0.0,0.248,0.008,0.128,0.0,0.0,0.128,0.0,0.0,0.0,0.008,0.008,0.016,0.008,0.088,0.0,0.0,0.056,0.0,0.0,0.0,0.232,0.0,0.504,0.0,0.08,0.0,0.0
4,2019,7,125,0.096,0.712,0.008,0.016,0.352,0.0,0.28,0.0,0.0,0.136,0.0,0.0,0.0,0.0,0.0,0.024,0.0,0.104,0.0,0.0,0.032,0.0,0.0,0.0,0.336,0.0,0.536,0.0,0.056,0.0,0.0
4,2019,9,122,0.1311,0.3115,0.0,0.0164,0.7541,0.0574,0.5656,0.0,0.0,0.1393,0.0,0.1721,0.0,0.0,0.0,0.0328,0.0,0.1311,0.0,0.0,0.0082,0.0082,0.0,0.0,0.041,0.0,0.1475,0.0,0.0164,0.0,0.0
4,2019,10,123,0.1057,0.1382,0.0,0.0325,0.813,0.0244,0.6341,0.0,0.0,0.065,0.0,0.4309,0.0,0.0,0.0,0.065,0.0,0.0325,0.0,0.0,0.065,0.0,0.0,0.0,0.0407,0.0,0.0569,0.0,0.0,0.0,0.0
4,2019,11,125,0.192,0.536,0.008,0.016,0.712,0.024,0.464,0.0,0.0,0.144,0.0,0.272,0.0,0.0,0.0,0.136,0.008,0.016,0.0,0.0,0.0,0.0,0.0,0.0,0.16,0.0,0.256,0.0,0.056,0.0,0.0
4,2019,12,125,0.048,0.24,0.0,0.008,0.768,0.016,0.456,0.0,0.0,0.056,0.0,0.36,0.0,0.0,0.008,0.16,0.0,0.0,0.0,0.0,0.016,0.0,0.0,0.0,0.0,0.0,0.008,0.0,0.0,0.0,0.0
4,2020,1,124,0.1452,0.0323,0.0,0.0081,0.8952,0.0242,0.371,0.0,0.0,0.0968,0.0,0.2984,0.0,0.0161,0.0,0.1774,0.0,0.0,0.0,0.0,0.0,0.0,0.0,0.0,0.0,0.0,0.0,0.0,0.0081,0.0,0.0
4,2020,2,124,0.2405,0.0823,0.0,0.0063,0.8418,0.0443,0.1203,0.0,0.0,0.0823,0.0,0.4114,0.0,0.0,0.0063,0.2025,0.0,0.0,0.0,0.0063,0.0,0.0,0.0,0.0,0.019,0.0,0.0063,0.0,0.0,0.0,0.0
4,2020,3,87,0.2442,0.1279,0.0,0.0116,0.6628,0.0233,0.0465,0.0,0.0,0.0349,0.0,0.4767,0.0,0.0,0.314,0.0698,0.0,0.0116,0.0,0.0,0.0814,0.0,0.0,0.0,0.0116,0.0,0.0,0.0,0.0233,0.0,0.0
4,2020,4,125,0.072,0.128,0.0,0.088,0.424,0.112,0.008,0.128,0.0,0.072,0.0,0.216,0.0,0.0,0.032,0.128,0.0,0.0,0.0,0.0,0.032,0.0,0.0,0.0,0.0,0.0,0.024,0.0,0.256,0.0,0.0
4,2020,5,125,0.088,0.008,0.0,0.144,0.368,0.064,0.008,0.0,0.0,0.032,0.0,0.168,0.0,0.0,0.0,0.288,0.0,0.0,0.0,0.016,0.016,0.0,0.0,0.0,0.0,0.0,0.0,0.0,0.496,0.0,0.0
4,2020,6,124,0.4516,0.0726,0.0,0.0161,0.3629,0.0161,0.0,0.0,0.0,0.0161,0.0,0.0323,0.0,0.0,0.0,0.2419,0.0,0.0,0.0,0.0,0.0081,0.0,0.0,0.0,0.0081,0.0,0.0726,0.0,0.4113,0.0,0.0
4,2020,7,125,0.368,0.208,0.0,0.064,0.344,0.0,0.0,0.0,0.0,0.0,0.0,0.0,0.0,0.0,0.0,0.408,0.0,0.0,0.0,0.0,0.024,0.0,0.0,0.0,0.0,0.0,0.008,0.0,0.424,0.0,0.0
4,2020,8,124,0.2419,0.2177,0.0,0.0968,0.629,0.0161,0.0,0.0,0.0,0.0161,0.0,0.0081,0.0,0.0,0.0,0.3871,0.0,0.0,0.0,0.0081,0.0161,0.0,0.0,0.0,0.0726,0.0,0.0726,0.0,0.1048,0.0,0.0
4,2020,9,125,0.192,0.32,0.0,0.088,0.632,0.008,0.016,0.0,0.0,0.008,0.0,0.064,0.0,0.0,0.0,0.432,0.0,0.0,0.0,0.0,0.0,0.0,0.0,0.0,0.048,0.0,0.064,0.0,0.08,0.0,0.0
4,2020,10,125,0.088,0.008,0.0,0.104,0.752,0.056,0.016,0.0,0.0,0.0,0.0,0.0,0.0,0.0,0.0,0.36,0.0,0.0,0.0,0.0,0.008,0.0,0.0,0.0,0.0,0.0,0.0,0.0,0.0,0.0,0.0
4,2020,11,125,0.008,0.0,0.0,0.12,0.88,0.016,0.0,0.0,0.0,0.0,0.008,0.016,0.0,0.0,0.0,0.176,0.0,0.0,0.0,0.0,0.0,0.0,0.0,0.0,0.0,0.0,0.0,0.0,0.0,0.0,0.0
4,2020,12,125,0.032,0.0,0.0,0.088,0.832,0.0,0.0,0.0,0.0,0.0,0.0,0.008,0.0,0.0,0.0,0.056,0.0,0.0,0.0,0.072,0.024,0.0,0.0,0.0,0.0,0.0,0.0,0.0,0.0,0.0,0.0
4,2021,1,124,0.0323,0.0484,0.0,0.2823,0.5968,0.0,0.0,0.0,0.0,0.0081,0.0,0.0,0.0,0.0,0.0,0.1129,0.0,0.0,0.0,0.7339,0.0,0.0,0.0,0.0,0.0081,0.0,0.0081,0.0,0.0161,0.0,0.0
4,2021,2,125,0.0,0.0,0.0,0.304,0.2,0.088,0.0,0.0,0.0,0.008,0.0,0.0,0.0,0.0,0.008,0.0,0.0,0.0,0.0,0.848,0.0,0.0,0.0,0.0,0.0,0.0,0.0,0.0,0.552,0.0,0.0
4,2021,3,125,0.008,0.072,0.0,0.856,0.04,0.464,0.0,0.0,0.0,0.0,0.0,0.0,0.0,0.0,0.072,0.0,0.0,0.0,0.0,0.552,0.0,0.0,0.0,0.0,0.2,0.0,0.024,0.0,0.504,0.0,0.0
4,2021,4,28,0.0357,0.3929,0.0,0.3929,0.0357,0.6071,0.0,0.0,0.0,0.0,0.0,0.0,0.0,0.0,0.6071,0.0,0.0,0.0,0.0,0.0,0.0,0.0,0.0,0.0,0.3929,0.0,0.3571,0.0,0.6071,0.0,0.0
4,2021,5,125,0.616,0.256,0.0,0.128,0.0,0.272,0.0,0.0,0.0,0.024,0.0,0.0,0.0,0.0,0.032,0.016,0.0,0.144,0.0,0.0,0.0,0.0,0.0,0.0,0.248,0.024,0.232,0.0,0.584,0.0,0.0
4,2021,6,125,0.632,0.168,0.0,0.096,0.0,0.104,0.0,0.0,0.0,0.016,0.0,0.0,0.0,0.0,0.0,0.304,0.0,0.12,0.0,0.0,0.0,0.0,0.0,0.0,0.208,0.04,0.192,0.0,0.024,0.0,0.0
4,2021,7,125,0.536,0.208,0.0,0.136,0.024,0.032,0.016,0.0,0.0,0.072,0.0,0.0,0.0,0.0,0.0,0.672,0.0,0.152,0.0,0.0,0.0,0.0,0.0,0.0,0.136,0.008,0.136,0.0,0.368,0.0,0.0
4,2021,8,96,0.7083,0.0,0.0,0.0938,0.1875,0.0312,0.0,0.0,0.0,0.0208,0.0,0.0,0.0,0.0,0.0,0.8229,0.0,0.0,0.0,0.0,0.0,0.0,0.0,0.0,0.0104,0.0,0.0,0.0,0.1771,0.0,0.0
4,2021,9,125,0.272,0.0,0.0,0.144,0.952,0.0,0.0,0.0,0.0,0.008,0.0,0.0,0.0,0.0,0.0,0.984,0.0,0.0,0.0,0.0,0.0,0.008,0.0,0.0,0.0,0.0,0.0,0.008,0.032,0.008,0.008
4,2021,10,125,0.84,0.0,0.0,0.192,0.24,0.0,0.192,0.0,0.0,0.0,0.0,0.008,0.0,0.0,0.0,0.792,0.0,0.024,0.0,0.008,0.0,0.0,0.0,0.0,0.0,0.0,0.0,0.0,0.032,0.0,0.0
4,2021,11,124,0.6129,0.0242,0.0,0.2581,0.2177,0.0242,0.1694,0.0,0.0,0.0161,0.0,0.0242,0.0081,0.0,0.0,0.4758,0.0081,0.0,0.0,0.0081,0.0,0.0,0.0,0.0,0.0,0.0,0.0,0.0,0.0242,0.0,0.0
4,2021,12,125,0.992,0.0,0.0,0.048,0.016,0.104,0.32,0.0,0.0,0.032,0.0,0.0,0.0,0.0,0.0,0.576,0.0,0.0,0.0,0.0,0.0,0.0,0.0,0.0,0.0,0.0,0.0,0.0,0.008,0.0,0.0
4,2022,1,125,0.304,0.056,0.0,0.624,0.024,0.12,0.04,0.0,0.0,0.056,0.0,0.04,0.0,0.0,0.024,0.048,0.0,0.008,0.0,0.152,0.0,0.0,0.0,0.0,0.152,0.008,0.008,0.0,0.576,0.0,0.0
4,2022,2,124,0.5,0.0161,0.0,0.6694,0.0081,0.1774,0.0081,0.0,0.0,0.0403,0.0,0.0968,0.0,0.0,0.0242,0.0081,0.0,0.0081,0.0,0.0484,0.0,0.0,0.0,0.0,0.0,0.0,0.0,0.0,0.8629,0.0,0.0
5,2018,8,85,0.3647,0.0706,0.0,0.0588,0.7765,0.0706,0.0,0.0118,0.0235,0.0471,0.0,0.1765,0.0,0.0,0.0118,0.2118,0.0,0.0,0.0,0.0118,0.0941,0.0,0.0,0.0,0.0,0.0,0.0,0.0,,,
5,2018,9,86,0.186,0.0349,0.0,0.2093,0.8721,0.0581,0.0,0.0,0.0,0.0116,0.0,0.1628,0.0,0.0,0.0,0.3256,0.0,0.0,0.0,0.0,0.0116,0.0,0.0,0.0,0.0,0.0,0.1163,0.0,0.0698,0.0,0.0
5,2018,10,87,0.1705,0.0,0.0,0.1477,0.9091,0.0455,0.0227,0.0,0.0,0.0114,0.0,0.0795,0.0,0.0,0.0,0.6591,0.0,0.0,0.0,0.0114,0.0227,0.0,0.0,0.0,0.0,0.0,0.0,0.0,0.0341,0.0,0.0
5,2018,11,85,0.0824,0.0,0.0,0.1765,0.7294,0.2824,0.0,0.0,0.0,0.0235,0.0,0.0235,0.0,0.0,0.0,0.8941,0.0,0.0,0.0,0.0,0.2941,0.0,0.0,0.0,0.0,0.0,0.0,0.0,0.0,0.0,0.0
5,2019,1,76,0.4342,0.0,0.0,0.1579,0.4211,0.5526,0.0,0.0,0.0,0.0263,0.0,0.0132,0.0,0.0,0.0263,0.2895,0.0,0.0263,0.0395,0.0,0.3421,0.0,0.0132,0.0,0.0,0.0,0.0,0.0,0.1974,0.0,0.0
5,2019,2,80,0.7089,0.0633,0.0,0.1013,0.0506,0.1772,0.0,0.0127,0.0,0.2532,0.0,0.0,0.0253,0.0,0.2658,0.0506,0.0127,0.2152,0.1646,0.0,0.4177,0.0,0.0,0.0127,0.0127,0.0506,0.0,0.0,0.0127,0.0,0.0
5,2019,3,86,0.5698,0.6279,0.0,0.0233,0.0116,0.0814,0.0116,0.0116,0.0,0.4302,0.0,0.0,0.0116,0.0,0.2326,0.0,0.0,0.2558,0.1744,0.0,0.2674,0.0,0.0116,0.0116,0.5116,0.0233,0.314,0.0116,0.314,0.0,0.0
5,2019,4,86,0.7442,0.1744,0.0,0.0465,0.0349,0.0465,0.0116,0.0349,0.0116,0.593,0.0,0.0,0.0,0.0,0.1512,0.0,0.0,0.5465,0.0698,0.0,0.3605,0.0,0.0,0.0116,0.2558,0.0581,0.0233,0.0,0.1628,0.0,0.0
5,2019,5,83,0.2651,0.6627,0.012,0.0241,0.1325,0.0723,0.0964,0.0964,0.0241,0.4337,0.0,0.0,0.0,0.0,0.0482,0.0843,0.0,0.2289,0.0,0.012,0.3133,0.0,0.012,0.012,0.6627,0.0241,0.3976,0.0,0.3855,0.0,0.0241
5,2019,6,85,0.1412,0.5882,0.0118,0.0588,0.3412,0.0706,0.3882,0.1765,0.0,0.3176,0.0,0.0,0.0,0.0,0.0,0.1176,0.0,0.0471,0.0,0.0,0.3059,0.0,0.0,0.0118,0.6353,0.0118,0.3412,0.0,0.2941,0.0,0.0118
5,2019,7,85,0.1294,0.6706,0.0,0.0118,0.2706,0.0353,0.4235,0.1882,0.0,0.0706,0.0,0.0235,0.0,0.0,0.0,0.1412,0.0,0.0941,0.0,0.0,0.2824,0.0,0.0,0.0235,0.8118,0.0,0.3412,0.0,0.3765,0.0,0.0118
5,2019,9,85,0.1059,0.3412,0.0,0.0353,0.6471,0.0235,0.2824,0.0353,0.0,0.0941,0.0,0.3059,0.0,0.0,0.0,0.0706,0.0,0.1176,0.0,0.0,0.2824,0.0,0.0235,0.0118,0.4118,0.0,0.1176,0.0,0.2118,0.0,0.0235
5,2019,10,83,0.1084,0.1446,0.0,0.0843,0.8675,0.0843,0.4096,0.012,0.0,0.0241,0.0,0.5904,0.012,0.0,0.012,0.0361,0.012,0.0241,0.0,0.0,0.1807,0.012,0.0,0.0,0.2289,0.0,0.0,0.0,0.0602,0.0,0.012
5,2019,11,78,0.2179,0.3462,0.0,0.0256,0.8205,0.0385,0.3205,0.0128,0.0256,0.0641,0.0,0.5,0.0,0.0,0.0,0.0,0.0,0.0128,0.0,0.0,0.2051,0.0,0.0,0.0256,0.3462,0.0,0.0769,0.0,0.0256,0.0,0.0
5,2019,12,84,0.0476,0.0476,0.0,0.0357,0.9405,0.0238,0.4167,0.0,0.0,0.0357,0.0,0.2857,0.0,0.0,0.0119,0.0238,0.0,0.0238,0.0,0.0,0.0952,0.0,0.0,0.0,0.131,0.0119,0.0119,0.0,0.0238,0.0,0.0
5,2020,1,86,0.2209,0.0116,0.0,0.0116,0.8953,0.0116,0.3372,0.0,0.0,0.093,0.0,0.4651,0.0,0.0,0.0,0.0116,0.0116,0.0,0.0116,0.0,0.0,0.0,0.0,0.0,0.0116,0.0,0.0,0.0,0.0116,0.0,0.0
5,2020,2,86,0.2209,0.0233,0.0,0.093,0.7907,0.0116,0.2558,0.0,0.0,0.1047,0.0,0.1512,0.0,0.0,0.0698,0.0581,0.0,0.0,0.0,0.0,0.0,0.0,0.0,0.0,0.0,0.0,0.0,0.0,0.0,0.0,0.0
5,2020,3,87,0.2529,0.2989,0.0,0.046,0.7586,0.0575,0.1149,0.0,0.0,0.046,0.0,0.3793,0.0115,0.0115,0.1954,0.023,0.0,0.0,0.0,0.0,0.0345,0.0,0.0,0.0,0.023,0.0,0.0,0.0,0.0,0.0,0.0
5,2020,4,87,0.1609,0.2759,0.0,0.1839,0.5977,0.092,0.0345,0.0,0.0,0.069,0.0,0.2414,0.0,0.0,0.0,0.0575,0.0,0.0,0.0,0.0,0.023,0.0,0.0,0.0,0.0,0.0,0.0,0.0,0.0,0.0,0.0
5,2020,5,86,0.0814,0.0233,0.0,0.1395,0.8023,0.0116,0.0116,0.0,0.0,0.0233,0.0,0.1744,0.0,0.0,0.0,0.1512,0.0,0.0,0.0,0.0,0.0465,0.0,0.0,0.0,0.0349,0.0116,0.0,0.0,0.0,0.0,0.0
5,2020,6,86,0.186,0.0116,0.0,0.0349,0.907,0.0,0.0,0.0,0.0,0.0116,0.0,0.0233,0.0,0.0,0.0,0.5465,0.0,0.0,0.0,0.0,0.0,0.0,0.0,0.0,0.0,0.0,0.0,0.0,0.0,0.0,0.0
5,2020,7,87,0.2069,0.023,0.0,0.0805,0.908,0.0,0.023,0.0,0.0,0.0115,0.0115,0.0345,0.0,0.0,0.0,0.6322,0.0,0.0,0.0,0.0,0.0115,0.0,0.0,0.0,0.0345,0.0,0.0,0.0,0.0115,0.0,0.0
5,2020,8,87,0.0345,0.1034,0.0,0.092,0.8276,0.0,0.046,0.0,0.0,0.0,0.0,0.046,0.0,0.0,0.0,0.7126,0.0,0.0,0.0,0.0,0.0115,0.0,0.0,0.0,0.0,0.0,0.0,0.0,0.023,0.0,0.0
5,2020,9,87,0.0115,0.0115,0.0,0.046,0.931,0.0,0.0,0.0,0.0,0.0,0.0,0.0,0.0,0.0,0.0,0.8851,0.0,0.0,0.0,0.0,0.0,0.0,0.0,0.0,0.0,0.0,0.0,0.0,0.0,0.0,0.0
5,2020,10,87,0.0575,0.0,0.0,0.1034,0.908,0.0,0.0115,0.0,0.0,0.0,0.0,0.0115,0.0,0.0,0.0,0.3678,0.0,0.0,0.0,0.0,0.023,0.0115,0.0,0.0,0.0345,0.0,0.0,0.0,0.0,0.0,0.0
5,2020,11,87,0.1494,0.0,0.0,0.1264,0.977,0.023,0.0,0.0,0.0,0.046,0.0115,0.0575,0.0,0.0,0.0115,0.3793,0.0,0.0,0.0,0.0,0.0,0.0115,0.0,0.0,0.046,0.0,0.0,0.0,0.023,0.0,0.023
5,2020,12,87,0.2529,0.0,0.0,0.1954,0.908,0.0115,0.0,0.0,0.0,0.0345,0.0,0.0115,0.0,0.0,0.0,0.0345,0.0,0.0,0.0,0.0,0.023,0.0,0.0,0.0,0.0115,0.0,0.0,0.0,0.0,0.0,0.0
5,2021,1,87,0.1264,0.5517,0.0,0.1724,0.7356,0.0115,0.0,0.0,0.0,0.0115,0.0,0.0,0.0,0.0,0.0115,0.0,0.0,0.0,0.0,0.0,0.0,0.0,0.0,0.0,0.0115,0.0,0.0,0.0,0.0575,0.0,0.0
5,2021,2,87,0.0,0.0,0.0,0.3793,0.8276,0.0115,0.0,0.0,0.0,0.0,0.0,0.0,0.0,0.0,0.0,0.0115,0.0,0.0,0.0,0.023,0.1609,0.0115,0.0,0.0,0.0345,0.0,0.0,0.0,0.0,0.0,0.0
5,2021,3,81,0.0741,0.6296,0.0123,0.4938,0.0247,0.0123,0.0,0.0,0.0,0.0,0.0,0.0,0.0,0.0,0.0123,0.0123,0.0,0.0,0.0,0.0,0.1481,0.0,0.0,0.0,0.0494,0.0,0.0494,0.0,0.2346,0.0,0.0123
5,2021,5,85,0.2588,0.6118,0.0,0.4353,0.0,0.0118,0.0,0.0,0.0,0.1294,0.0118,0.0,0.0,0.0,0.0,0.0,0.0,0.0118,0.0,0.0118,0.1176,0.0235,0.0118,0.0118,0.5412,0.0,0.3882,0.0,0.2235,0.0,0.0235
5,2021,6,85,0.5882,0.5294,0.0,0.2353,0.0,0.0,0.0235,0.0,0.0,0.0235,0.0,0.0,0.0,0.0,0.0,0.0353,0.0,0.0941,0.0,0.0118,0.6588,0.0118,0.0,0.0,0.6941,0.0,0.0941,0.0,0.0235,0.0,0.0118
5,2021,7,86,0.5,0.3023,0.0,0.3837,0.0,0.0,0.093,0.0,0.0,0.0465,0.0,0.0233,0.0,0.0,0.0,0.0116,0.0,0.0,0.0,0.0,0.2558,0.0,0.0,0.0,0.2326,0.0,0.0581,0.0,0.0698,0.0,0.0
5,2021,8,83,0.4699,0.012,0.0,0.494,0.0361,0.0,0.1446,0.0,0.0,0.2771,0.0,0.0,0.0,0.0,0.0,0.0482,0.0,0.012,0.0,0.0,0.2169,0.0,0.0,0.0,0.1084,0.0,0.012,0.0,0.0241,0.0,0.0
5,2021,9,86,0.2209,0.0233,0.0,0.0581,0.0465,0.0,0.8256,0.0,0.0,0.0116,0.0,0.1163,0.0,0.0,0.0,0.0233,0.0,0.0233,0.0,0.0,0.314,0.0,0.0,0.0233,0.0581,0.0,0.0,0.0,0.0349,0.0,0.0116
5,2021,10,60,0.3,0.0,0.0,0.1,0.1833,0.0,0.7333,0.0,0.0,0.0,0.0,0.0333,0.0,0.0,0.0,0.0167,0.0,0.0333,0.0,0.0,0.0833,0.0,0.0,0.0,0.0167,0.0,0.0,0.0,0.05,0.0,0.0
5,2021,11,84,0.2262,0.0119,0.0,0.1429,0.131,0.0,0.8095,0.0,0.0,0.0476,0.0,0.0952,0.0,0.0,0.0,0.0714,0.0,0.0,0.0,0.0,0.131,0.0119,0.0,0.0,0.119,0.0,0.0119,0.0,0.0,0.0,0.0238
5,2021,12,86,0.407,0.5581,0.0,0.2326,0.1279,0.0349,0.6628,0.0,0.0116,0.093,0.0,0.1279,0.0,0.0,0.0,0.1279,0.0,0.0116,0.0,0.0,0.0,0.0,0.0,0.0,0.186,0.0,0.1977,0.0,0.2209,0.0,0.0
5,2022,1,84,0.4337,0.506,0.0,0.5422,0.0361,0.012,0.6265,0.0,0.0,0.0843,0.0,0.1807,0.0,0.0,0.0,0.1928,0.0,0.0,0.0,0.0,0.0,0.0,0.0,0.0,0.0241,0.0,0.012,0.0,0.1205,0.0,0.0
5,2022,2,83,0.3373,0.0482,0.0,0.7952,0.0,0.012,0.3614,0.0,0.012,0.1205,0.0,0.2169,0.0,0.0,0.012,0.0241,0.0,0.012,0.012,0.0,0.2771,0.0,0.0,0.0,0.0,0.0,0.0,0.0,0.2169,0.0,0.0
6,2018,8,38,0.3421,0.0526,0.0,0.0263,0.7632,0.0263,0.0,0.0,0.0263,0.0526,0.0,0.0789,0.0,0.0,0.0,0.4211,0.0,0.0,0.0,0.0263,0.0789,0.0,0.0,0.0263,0.0,0.0,0.0,0.0,,,
6,2018,9,34,0.2941,0.0,0.0,0.2059,0.7353,0.0294,0.0294,0.0,0.0,0.0,0.0,0.0588,0.0,0.0,0.0,0.4706,0.0,0.0,0.0,0.0,0.0588,0.0,0.0,0.0294,0.0,0.0,0.1471,0.0,0.0294,0.0,0.0
6,2018,10,38,0.2895,0.0,0.0,0.1053,0.7632,0.0263,0.1053,0.0,0.0,0.0263,0.0,0.0,0.0,0.0,0.0,0.9474,0.0,0.0,0.0,0.0263,0.1053,0.0,0.0,0.0,0.0,0.0,0.0,0.0,0.0789,0.0,0.0
6,2018,11,38,0.0526,0.0,0.0,0.1316,0.6842,0.3947,0.0263,0.0,0.0,0.0,0.0,0.0,0.0,0.0,0.0,0.8947,0.0,0.0,0.0,0.0,0.5,0.0,0.0,0.0,0.0,0.0,0.0,0.0,0.0,0.0,0.0
6,2018,12,27,0.1852,0.0,0.0,0.037,0.7778,0.2593,0.0,0.0,0.0,0.0,0.0,0.0,0.0,0.0,0.0,0.8889,0.0,0.0,0.0,0.0,0.5926,0.0,0.0,0.0,0.0,0.0,0.0,0.0,0.037,0.0,0.0
6,2019,1,35,0.7429,0.0,0.0,0.3429,0.0571,0.8,0.0,0.0,0.0,0.0286,0.0,0.0,0.0,0.0,0.0,0.1143,0.0,0.0,0.0286,0.0,0.7714,0.0,0.0,0.0,0.0,0.0,0.0,0.0,0.2857,0.0,0.0
6,2019,2,39,0.5385,0.359,0.0,0.0769,0.0256,0.359,0.0,0.0,0.0,0.2051,0.0,0.0,0.0256,0.0,0.1538,0.0,0.0,0.0769,0.1026,0.0256,0.2308,0.0,0.0,0.0,0.3333,0.1026,0.1795,0.0,0.2308,0.0,0.0
6,2019,3,40,0.7,0.425,0.0,0.025,0.025,0.125,0.05,0.0,0.0,0.5,0.0,0.0,0.0,0.0,0.175,0.0,0.0,0.35,0.125,0.0,0.35,0.0,0.025,0.0,0.625,0.0,0.175,0.0,0.25,0.0,0.025
6,2019,4,39,0.641,0.0513,0.0,0.0256,0.0769,0.1026,0.1538,0.0,0.0,0.641,0.0,0.0,0.0,0.0,0.1026,0.0,0.0,0.5128,0.0256,0.0,0.4103,0.0,0.0256,0.0,0.2308,0.1026,0.0,0.0,0.1538,0.0,0.0256
6,2019,5,39,0.3333,0.6667,0.0,0.0256,0.2821,0.1026,0.2821,0.0513,0.0,0.359,0.0,0.0,0.0,0.0,0.0,0.1026,0.0,0.1026,0.0,0.0,0.2821,0.0,0.0,0.0,0.6667,0.0513,0.4359,0.0,0.5128,0.0,0.0513
6,2019,6,40,0.075,0.65,0.0,0.025,0.35,0.075,0.325,0.05,0.0,0.15,0.0,0.0,0.0,0.0,0.0,0.05,0.0,0.025,0.0,0.0,0.275,0.0,0.0,0.0,0.7,0.025,0.45,0.0,0.425,0.025,0.025
6,2019,7,40,0.075,0.675,0.0,0.025,0.375,0.05,0.475,0.1,0.0,0.1,0.0,0.0,0.0,0.0,0.0,0.075,0.0,0.0,0.0,0.0,0.325,0.0,0.0,0.05,0.825,0.0,0.325,0.0,0.4,0.0,0.0
6,2019,9,40,0.15,0.15,0.0,0.0,0.625,0.05,0.3,0.025,0.0,0.0,0.0,0.525,0.0,0.0,0.025,0.0,0.0,0.025,0.0,0.0,0.15,0.0,0.0,0.0,0.225,0.0,0.05,0.0,0.0,0.0,0.0
6,2019,10,41,0.075,0.05,0.0,0.075,0.85,0.05,0.25,0.0,0.0,0.0,0.0,0.775,0.0,0.0,0.0,0.0,0.0,0.0,0.0,0.0,0.05,0.05,0.0,0.0,0.1,0.0,0.0,0.0,0.05,0.0,0.025
6,2019,11,41,0.1463,0.1463,0.0,0.0732,0.8049,0.0244,0.4146,0.0,0.0,0.0732,0.0,0.6098,0.0,0.0,0.0,0.0,0.0,0.0,0.0,0.0,0.0732,0.0,0.0,0.0,0.2195,0.0,0.0488,0.0,0.0,0.0,0.0
6,2019,12,41,0.122,0.0976,0.0,0.0976,0.9024,0.0,0.561,0.0,0.0,0.0244,0.0,0.439,0.0,0.0,0.0,0.0,0.0,0.0488,0.0,0.0,0.1951,0.0,0.0,0.0,0.1951,0.0,0.0,0.0,0.0732,0.0,0.0244
6,2020,1,40,0.275,0.0,0.0,0.025,0.825,0.0,0.55,0.0,0.0,0.2,0.0,0.1,0.0,0.0,0.0,0.1,0.0,0.0,0.0,0.0,0.0,0.0,0.0,0.0,0.0,0.0,0.0,0.0,0.0,0.0,0.0
6,2020,2,39,0.3077,0.0,0.0,0.0256,0.9231,0.0,0.2821,0.0,0.0,0.0513,0.0,0.1795,0.0,0.0,0.0256,0.0256,0.0,0.0,0.0,0.0,0.0,0.0,0.0,0.0,0.0,0.0,0.0,0.0,0.0,0.0,0.0
6,2020,3,41,0.4146,0.3415,0.0,0.0244,0.7805,0.0,0.1463,0.0,0.0,0.0,0.0,0.2683,0.0,0.0,0.0244,0.0,0.0,0.0,0.0,0.0244,0.0488,0.0,0.0,0.0,0.0488,0.0,0.0732,0.0,0.0244,0.0,0.0
6,2020,4,40,0.25,0.625,0.0,0.075,0.475,0.0,0.025,0.0,0.0,0.025,0.0,0.175,0.0,0.0,0.0,0.1,0.0,0.0,0.0,0.0,0.05,0.0,0.0,0.0,0.05,0.0,0.025,0.0,0.0,0.0,0.0
6,2020,5,40,0.125,0.05,0.0,0.275,0.8,0.0,0.0,0.0,0.0,0.05,0.0,0.075,0.0,0.0,0.0,0.2,0.0,0.0,0.0,0.0,0.075,0.0,0.0,0.0,0.1,0.0,0.0,0.0,0.0,0.0,0.0
6,2020,6,40,0.4,0.05,0.0,0.125,0.825,0.0,0.025,0.0,0.0,0.025,0.0,0.0,0.0,0.0,0.0,0.25,0.0,0.0,0.0,0.0,0.025,0.0,0.0,0.0,0.05,0.0,0.0,0.0,0.0,0.0,0.0
6,2020,7,40,0.25,0.025,0.0,0.05,0.975,0.0,0.05,0.0,0.0,0.0,0.0,0.075,0.025,0.0,0.0,0.45,0.0,0.0,0.0,0.0,0.05,0.025,0.0,0.0,0.05,0.0,0.0,0.0,0.05,0.0,0.0
6,2020,8,41,0.0732,0.2683,0.0,0.0244,0.9756,0.0,0.0244,0.0,0.0,0.0,0.0244,0.0,0.0,0.0,0.0,0.6098,0.0,0.0,0.0,0.0,0.0488,0.0,0.0,0.0,0.122,0.0,0.0732,0.0,0.0244,0.0,0.0
6,2020,9,39,0.0256,0.0,0.0,0.0,0.9744,0.0,0.0,0.0,0.0,0.0,0.0,0.0256,0.0,0.0,0.0,0.8974,0.0256,0.0,0.0,0.0,0.0,0.0,0.0,0.0,0.0,0.0,0.0,0.0,0.0,0.0,0.0
6,2020,10,40,0.025,0.0,0.0,0.05,0.925,0.0,0.025,0.0,0.0,0.0,0.0,0.05,0.0,0.0,0.0,0.5,0.0,0.0,0.0,0.0,0.025,0.0,0.0,0.0,0.025,0.0,0.0,0.0,0.0,0.0,0.0
6,2020,11,41,0.0244,0.0,0.0,0.0732,1.0,0.0,0.0,0.0,0.0,0.0244,0.0488,0.0244,0.0,0.0,0.0,0.6341,0.0,0.0,0.0,0.0,0.0244,0.0244,0.0,0.0,0.0732,0.0,0.0,0.0,0.0488,0.0,0.0976
6,2020,12,41,0.0488,0.0,0.0,0.2439,1.0,0.0,0.0,0.0,0.0,0.0244,0.0244,0.0,0.0,0.0,0.0,0.2683,0.0,0.0,0.0,0.0,0.0,0.0,0.0,0.0,0.0488,0.0,0.0,0.0,0.0,0.0,0.0
6,2021,1,41,0.0,0.4634,0.0,0.2683,0.878,0.0,0.0,0.0,0.0,0.0,0.0,0.0,0.0,0.0,0.0,0.0,0.0,0.0,0.0,0.0,0.0,0.0,0.0,0.0,0.0244,0.0,0.0244,0.0,0.0488,0.0,0.0
6,2021,2,41,0.0244,0.0,0.0,0.2195,0.9512,0.0,0.0,0.0,0.0,0.0,0.0488,0.0,0.0,0.0,0.0,0.0,0.0,0.0,0.0,0.0,0.2927,0.0,0.0,0.0,0.0732,0.0,0.0,0.0,0.0,0.0,0.0
6,2021,3,40,0.0,0.075,0.0,0.9,0.025,0.05,0.0,0.0,0.0,0.0,0.0,0.0,0.0,0.0,0.0,0.0,0.0,0.0,0.0,0.075,0.225,0.025,0.0,0.0,0.075,0.0,0.0,0.0,0.05,0.0,0.0
6,2021,4,14,0.0,0.3571,0.0,0.8571,0.0714,0.0,0.0,0.0,0.0,0.0,0.0,0.0,0.0,0.0,0.0,0.0714,0.0,0.0,0.0,0.0,0.1429,0.0,0.0,0.0,0.2143,0.0,0.1429,0.0,0.2857,0.0,0.0
6,2021,5,37,0.3243,0.6216,0.0,0.4595,0.0,0.027,0.0,0.0,0.0,0.027,0.0,0.0,0.0,0.0,0.0,0.0,0.0,0.027,0.0,0.0,0.4324,0.0,0.0,0.0,0.6216,0.0,0.2162,0.0,0.1892,0.0,0.0
6,2021,6,35,0.3714,0.7714,0.0,0.1714,0.0,0.0,0.0286,0.0,0.0,0.0286,0.0,0.0,0.0,0.0,0.0,0.0286,0.0,0.1143,0.0,0.0,0.5429,0.0286,0.0,0.0,0.6857,0.0,0.2286,0.0,0.0286,0.0,0.0
6,2021,7,35,0.4857,0.2286,0.0,0.2857,0.1143,0.0,0.1143,0.0,0.0,0.0286,0.0,0.0,0.0,0.0,0.0,0.0,0.0,0.0,0.0,0.0,0.2,0.0286,0.0,0.0,0.0571,0.0,0.0286,0.0,0.0286,0.0,0.0
6,2021,8,36,0.4722,0.0278,0.0,0.6389,0.0833,0.0,0.1111,0.0,0.0,0.1944,0.0278,0.0278,0.0,0.0,0.0,0.0556,0.0,0.0,0.0,0.0,0.4444,0.0,0.0556,0.0,0.2778,0.0,0.0,0.0,0.1111,0.0,0.0
6,2021,9,36,0.1111,0.0,0.0,0.2222,0.0833,0.0,0.9722,0.0,0.0,0.0278,0.0,0.1111,0.0,0.0,0.0,0.0,0.0,0.0,0.0,0.0,0.4444,0.0,0.0,0.0278,0.1111,0.0,0.0,0.0,0.0,0.0,0.0
6,2021,10,29,0.069,0.0,0.0,0.069,0.069,0.0,0.931,0.0,0.0,0.0,0.0,0.0345,0.0,0.0,0.0,0.0,0.0,0.0,0.0,0.0,0.0,0.0,0.0,0.0,0.0,0.0,0.0,0.0,0.0,0.0,0.0
6,2021,11,34,0.2059,0.0294,0.0,0.1471,0.0588,0.0,0.8529,0.0,0.0,0.0294,0.0,0.1176,0.0,0.0,0.0,0.0294,0.0,0.0,0.0,0.0,0.0882,0.0,0.0294,0.0,0.0294,0.0,0.0,0.0,0.0,0.0,0.0
6,2021,12,38,0.4054,0.6757,0.0,0.1622,0.0541,0.027,0.7838,0.0,0.0,0.027,0.0,0.2162,0.0,0.0,0.0,0.2703,0.0,0.0,0.0,0.0,0.0,0.0,0.0,0.0,0.4595,0.0,0.4595,0.0,0.4595,0.0,0.0
6,2022,1,37,0.6486,0.4595,0.0,0.1351,0.027,0.027,0.5405,0.0,0.0,0.0811,0.0,0.1081,0.0,0.0,0.0,0.1351,0.0,0.0,0.0,0.0,0.0,0.0,0.0,0.0,0.1081,0.0,0.0811,0.027,0.2973,0.0,0.0
6,2022,2,38,0.3158,0.0526,0.0,0.6316,0.0526,0.0263,0.6053,0.0,0.0,0.0789,0.0,0.4211,0.0,0.0,0.0,0.0263,0.0,0.0,0.0,0.0,0.3158,0.0,0.0,0.0,0.0,0.0,0.0,0.0,0.1842,0.0,0.0
